date,year,month,das_dollar,ifem_dollar,bdc_dollar,pounds,euro,cfafr,allitems_year_on,allitems_average,food_year_on,food_average,allitemslessfrmprodyearon,allitemslessfrmprodaverage,allitemslessfrmprodandenergyyearon,allitemslessfrmprodandenergyavg,selected_rate,exchange_series_used,selected_rate_log,imputed,selected_rate_imputed,pre_series_start,cpi_monthly,cpi_growth,cpi_index
1990-01-01,1990,1,,,,,,,,,,,,,,,,,,False,,True,,,0.0
1990-02-01,1990,2,,,,,,,,,,,,,,,,,,False,,True,,,0.0
1990-03-01,1990,3,,,,,,,,,,,,,,,,,,False,,True,,,0.0
1990-04-01,1990,4,,,,,,,,,,,,,,,,,,False,,True,,,0.0
1990-05-01,1990,5,,,,,,,,,,,,,,,,,,False,,True,,,0.0
1990-06-01,1990,6,,,,,,,,,,,,,,,,,,False,,True,,,0.0
1990-07-01,1990,7,,,,,,,,,,,,,,,,,,False,,True,,,0.0
1990-08-01,1990,8,,,,,,,,,,,,,,,,,,False,,True,,,0.0
1990-09-01,1990,9,,,,,,,,,,,,,,,,,,False,,True,,,0.0
1990-10-01,1990,10,,,,,,,,,,,,,,,,,,False,,True,,,0.0
1990-11-01,1990,11,,,,,,,,,,,,,,,,,,False,,True,,,0.0
1990-12-01,1990,12,,,,,,,,,,,,,,,,,,False,,True,,,0.0
1991-01-01,1991,1,,,,,,,,,,,,,,,,,,False,,True,,,0.0
1991-02-01,1991,2,,,,,,,,,,,,,,,,,,False,,True,,,0.0
1991-03-01,1991,3,,,,,,,,,,,,,,,,,,False,,True,,,0.0
1991-04-01,1991,4,,,,,,,,,,,,,,,,,,False,,True,,,0.0
1991-05-01,1991,5,,,,,,,,,,,,,,,,,,False,,True,,,0.0
1991-06-01,1991,6,,,,,,,,,,,,,,,,,,False,,True,,,0.0
1991-07-01,1991,7,,,,,,,,,,,,,,,,,,False,,True,,,0.0
1991-08-01,1991,8,,,,,,,,,,,,,,,,,,False,,True,,,0.0
1991-09-01,1991,9,,,,,,,,,,,,,,,,,,False,,True,,,0.0
1991-10-01,1991,10,,,,,,,,,,,,,,,,,,False,,True,,,0.0
1991-11-01,1991,11,,,,,,,,,,,,,,,,,,False,,True,,,0.0
1991-12-01,1991,12,,,,,,,,,,,,,,,,,,False,,True,,,0.0
1992-01-01,1992,1,,,,,,,,,,,,,,,,,,False,,True,,,0.0
1992-02-01,1992,2,,,,,,,,,,,,,,,,,,False,,True,,,0.0
1992-03-01,1992,3,,,,,,,,,,,,,,,,,,False,,True,,,0.0
1992-04-01,1992,4,,,,,,,,,,,,,,,,,,False,,True,,,0.0
1992-05-01,1992,5,,,,,,,,,,,,,,,,,,False,,True,,,0.0
1992-06-01,1992,6,,,,,,,,,,,,,,,,,,False,,True,,,0.0
1992-07-01,1992,7,,,,,,,,,,,,,,,,,,False,,True,,,0.0
1992-08-01,1992,8,,,,,,,,,,,,,,,,,,False,,True,,,0.0
1992-09-01,1992,9,,,,,,,,,,,,,,,,,,False,,True,,,0.0
1992-10-01,1992,10,,,,,,,,,,,,,,,,,,False,,True,,,0.0
1992-11-01,1992,11,,,,,,,,,,,,,,,,,,False,,True,,,0.0
1992-12-01,1992,12,,,,,,,,,,,,,,,,,,False,,True,,,0.0
1993-01-01,1993,1,,,,,,,,,,,,,,,,,,False,,True,,,0.0
1993-02-01,1993,2,,,,,,,,,,,,,,,,,,False,,True,,,0.0
1993-03-01,1993,3,,,,,,,,,,,,,,,,,,False,,True,,,0.0
1993-04-01,1993,4,,,,,,,,,,,,,,,,,,False,,True,,,0.0
1993-05-01,1993,5,,,,,,,,,,,,,,,,,,False,,True,,,0.0
1993-06-01,1993,6,,,,,,,,,,,,,,,,,,False,,True,,,0.0
1993-07-01,1993,7,,,,,,,,,,,,,,,,,,False,,True,,,0.0
1993-08-01,1993,8,,,,,,,,,,,,,,,,,,False,,True,,,0.0
1993-09-01,1993,9,,,,,,,,,,,,,,,,,,False,,True,,,0.0
1993-10-01,1993,10,,,,,,,,,,,,,,,,,,False,,True,,,0.0
1993-11-01,1993,11,,,,,,,,,,,,,,,,,,False,,True,,,0.0
1993-12-01,1993,12,,,,,,,,,,,,,,,,,,False,,True,,,0.0
1994-01-01,1994,1,,,,,,,,,,,,,,,,,,False,,True,,,0.0
1994-02-01,1994,2,,,,,,,,,,,,,,,,,,False,,True,,,0.0
1994-03-01,1994,3,,,,,,,,,,,,,,,,,,False,,True,,,0.0
1994-04-01,1994,4,,,,,,,,,,,,,,,,,,False,,True,,,0.0
1994-05-01,1994,5,,,,,,,,,,,,,,,,,,False,,True,,,0.0
1994-06-01,1994,6,,,,,,,,,,,,,,,,,,False,,True,,,0.0
1994-07-01,1994,7,,,,,,,,,,,,,,,,,,False,,True,,,0.0
1994-08-01,1994,8,,,,,,,,,,,,,,,,,,False,,True,,,0.0
1994-09-01,1994,9,,,,,,,,,,,,,,,,,,False,,True,,,0.0
1994-10-01,1994,10,,,,,,,,,,,,,,,,,,False,,True,,,0.0
1994-11-01,1994,11,,,,,,,,,,,,,,,,,,False,,True,,,0.0
1994-12-01,1994,12,,,,,,,,,,,,,,,,,,False,,True,,,0.0
1995-01-01,1995,1,,,,,,,,,,,,,,,,,,False,,True,,,0.0
1995-02-01,1995,2,,,,,,,,,,,,,,,,,,False,,True,,,0.0
1995-03-01,1995,3,,,,,,,,,,,,,,,,,,False,,True,,,0.0
1995-04-01,1995,4,,,,,,,,,,,,,,,,,,False,,True,,,0.0
1995-05-01,1995,5,,,,,,,,,,,,,,,,,,False,,True,,,0.0
1995-06-01,1995,6,,,,,,,,,,,,,,,,,,False,,True,,,0.0
1995-07-01,1995,7,,,,,,,,,,,,,,,,,,False,,True,,,0.0
1995-08-01,1995,8,,,,,,,,,,,,,,,,,,False,,True,,,0.0
1995-09-01,1995,9,,,,,,,,,,,,,,,,,,False,,True,,,0.0
1995-10-01,1995,10,,,,,,,,,,,,,,,,,,False,,True,,,0.0
1995-11-01,1995,11,,,,,,,,,,,,,,,,,,False,,True,,,0.0
1995-12-01,1995,12,,,,,,,,,,,,,,,,,,False,,True,,,0.0
1996-01-01,1996,1,,,,,,,,,,,,,,,,,,False,,True,,,0.0
1996-02-01,1996,2,,,,,,,,,,,,,,,,,,False,,True,,,0.0
1996-03-01,1996,3,,,,,,,,,,,,,,,,,,False,,True,,,0.0
1996-04-01,1996,4,,,,,,,,,,,,,,,,,,False,,True,,,0.0
1996-05-01,1996,5,,,,,,,,,,,,,,,,,,False,,True,,,0.0
1996-06-01,1996,6,,,,,,,,,,,,,,,,,,False,,True,,,0.0
1996-07-01,1996,7,,,,,,,,,,,,,,,,,,False,,True,,,0.0
1996-08-01,1996,8,,,,,,,,,,,,,,,,,,False,,True,,,0.0
1996-09-01,1996,9,,,,,,,,,,,,,,,,,,False,,True,,,0.0
1996-10-01,1996,10,,,,,,,,,,,,,,,,,,False,,True,,,0.0
1996-11-01,1996,11,,,,,,,,,,,,,,,,,,False,,True,,,0.0
1996-12-01,1996,12,,,,,,,,,,,,,,,,,,False,,True,,,0.0
1997-01-01,1997,1,,,,,,,,,,,,,,,,,,False,,True,,,0.0
1997-02-01,1997,2,,,,,,,,,,,,,,,,,,False,,True,,,0.0
1997-03-01,1997,3,,,,,,,,,,,,,,,,,,False,,True,,,0.0
1997-04-01,1997,4,,,,,,,,,,,,,,,,,,False,,True,,,0.0
1997-05-01,1997,5,,,,,,,,,,,,,,,,,,False,,True,,,0.0
1997-06-01,1997,6,,,,,,,,,,,,,,,,,,False,,True,,,0.0
1997-07-01,1997,7,,,,,,,,,,,,,,,,,,False,,True,,,0.0
1997-08-01,1997,8,,,,,,,,,,,,,,,,,,False,,True,,,0.0
1997-09-01,1997,9,,,,,,,,,,,,,,,,,,False,,True,,,0.0
1997-10-01,1997,10,,,,,,,,,,,,,,,,,,False,,True,,,0.0
1997-11-01,1997,11,,,,,,,,,,,,,,,,,,False,,True,,,0.0
1997-12-01,1997,12,,,,,,,,,,,,,,,,,,False,,True,,,0.0
1998-01-01,1998,1,,,,,,,,,,,,,,,,,,False,,True,,,0.0
1998-02-01,1998,2,,,,,,,,,,,,,,,,,,False,,True,,,0.0
1998-03-01,1998,3,,,,,,,,,,,,,,,,,,False,,True,,,0.0
1998-04-01,1998,4,,,,,,,,,,,,,,,,,,False,,True,,,0.0
1998-05-01,1998,5,,,,,,,,,,,,,,,,,,False,,True,,,0.0
1998-06-01,1998,6,,,,,,,,,,,,,,,,,,False,,True,,,0.0
1998-07-01,1998,7,,,,,,,,,,,,,,,,,,False,,True,,,0.0
1998-08-01,1998,8,,,,,,,,,,,,,,,,,,False,,True,,,0.0
1998-09-01,1998,9,,,,,,,,,,,,,,,,,,False,,True,,,0.0
1998-10-01,1998,10,,,,,,,,,,,,,,,,,,False,,True,,,0.0
1998-11-01,1998,11,,,,,,,,,,,,,,,,,,False,,True,,,0.0
1998-12-01,1998,12,,,,,,,,,,,,,,,,,,False,,True,,,0.0
1999-01-01,1999,1,,,,,,,,,,,,,,,,,,False,,True,,,0.0
1999-02-01,1999,2,,,,,,,,,,,,,,,,,,False,,True,,,0.0
1999-03-01,1999,3,,,,,,,,,,,,,,,,,,False,,True,,,0.0
1999-04-01,1999,4,,,,,,,,,,,,,,,,,,False,,True,,,0.0
1999-05-01,1999,5,,,,,,,,,,,,,,,,,,False,,True,,,0.0
1999-06-01,1999,6,,,,,,,,,,,,,,,,,,False,,True,,,0.0
1999-07-01,1999,7,,,,,,,,,,,,,,,,,,False,,True,,,0.0
1999-08-01,1999,8,,,,,,,,,,,,,,,,,,False,,True,,,0.0
1999-09-01,1999,9,,,,,,,,,,,,,,,,,,False,,True,,,0.0
1999-10-01,1999,10,,,,,,,,,,,,,,,,,,False,,True,,,0.0
1999-11-01,1999,11,,,,,,,,,,,,,,,,,,False,,True,,,0.0
1999-12-01,1999,12,,,,,,,,,,,,,,,,,,False,,True,,,0.0
2000-01-01,2000,1,,,,,,,,,,,,,,,,,,False,,True,,,0.0
2000-02-01,2000,2,,,,,,,,,,,,,,,,,,False,,True,,,0.0
2000-03-01,2000,3,,,,,,,,,,,,,,,,,,False,,True,,,0.0
2000-04-01,2000,4,,,,,,,,,,,,,,,,,,False,,True,,,0.0
2000-05-01,2000,5,,,,,,,,,,,,,,,,,,False,,True,,,0.0
2000-06-01,2000,6,,,,,,,,,,,,,,,,,,False,,True,,,0.0
2000-07-01,2000,7,,,,,,,,,,,,,,,,,,False,,True,,,0.0
2000-08-01,2000,8,,,,,,,,,,,,,,,,,,False,,True,,,0.0
2000-09-01,2000,9,,,,,,,,,,,,,,,,,,False,,True,,,0.0
2000-10-01,2000,10,,,,,,,,,,,,,,,,,,False,,True,,,0.0
2000-11-01,2000,11,,,,,,,,,,,,,,,,,,False,,True,,,0.0
2000-12-01,2000,12,,,,,,,,,,,,,,,,,,False,,True,,,0.0
2001-01-01,2001,1,,,,,,,,,,,,,,,,,,False,,True,,,0.0
2001-02-01,2001,2,,,,,,,,,,,,,,,,,,False,,True,,,0.0
2001-03-01,2001,3,,,,,,,,,,,,,,,,,,False,,True,,,0.0
2001-04-01,2001,4,,,,,,,,,,,,,,,,,,False,,True,,,0.0
2001-05-01,2001,5,,,,,,,,,,,,,,,,,,False,,True,,,0.0
2001-06-01,2001,6,,,,,,,,,,,,,,,,,,False,,True,,,0.0
2001-07-01,2001,7,,,,,,,,,,,,,,,,,,False,,True,,,0.0
2001-08-01,2001,8,,,,,,,,,,,,,,,,,,False,,True,,,0.0
2001-09-01,2001,9,,,,,,,,,,,,,,,,,,False,,True,,,0.0
2001-10-01,2001,10,,,,,,,,,,,,,,,,,,False,,True,,,0.0
2001-11-01,2001,11,,,,,,,,,,,,,,,,,,False,,True,,,0.0
2001-12-01,2001,12,,,,,,,,,,,,,,,,,,False,,True,,,0.0
2002-01-01,2002,1,,,,,,,,,,,,,,,,,,False,,True,,,0.0
2002-02-01,2002,2,,,,,,,,,,,,,,,,,,False,,True,,,0.0
2002-03-01,2002,3,,,,,,,,,,,,,,,,,,False,,True,,,0.0
2002-04-01,2002,4,,,,,,,,,,,,,,,,,,False,,True,,,0.0
2002-05-01,2002,5,,,,,,,,,,,,,,,,,,False,,True,,,0.0
2002-06-01,2002,6,,,,,,,,,,,,,,,,,,False,,True,,,0.0
2002-07-01,2002,7,,,,,,,,,,,,,,,,,,False,,True,,,0.0
2002-08-01,2002,8,,,,,,,,,,,,,,,,,,False,,True,,,0.0
2002-09-01,2002,9,,,,,,,,,,,,,,,,,,False,,True,,,0.0
2002-10-01,2002,10,,,,,,,,,,,,,,,,,,False,,True,,,0.0
2002-11-01,2002,11,,,,,,,,,,,,,,,,,,False,,True,,,0.0
2002-12-01,2002,12,,,,,,,,,,,,,,,,,,False,,True,,,0.0
2003-01-01,2003,1,,,,,,,10.6,12.3,7.5,11.6,16.1,13.4,13.6,8.6,,,,False,,True,12.3,,0.0
2003-02-01,2003,2,,,,,,,7.3,11.4,3.5,9.7,14.2,14.3,12.1,8.9,,,,False,,True,11.4,-0.07317073170731714,0.0
2003-03-01,2003,3,,,,,,,5.9,10.5,0.1,7.9,15.4,15.0,13.9,9.4,,,,False,,True,10.5,-0.07894736842105265,0.0
2003-04-01,2003,4,,,,,,,8.3,10.1,3.3,6.9,16.9,15.6,17.6,10.4,,,,False,,True,10.1,-0.03809523809523818,0.0
2003-05-01,2003,5,,,,,,,8.7,10.0,3.3,6.3,17.6,16.3,15.5,11.3,,,,False,,True,10.0,-0.00990099009900991,0.0
2003-06-01,2003,6,,,,,,,14.0,10.1,6.2,6.0,22.2,16.6,17.7,12.3,,,,False,,True,10.1,0.010000000000000009,0.0
2003-07-01,2003,7,,,,,,,12.9,10.0,0.1,4.7,41.2,19.0,22.0,13.8,,,,False,,True,10.0,-0.00990099009900991,0.0
2003-08-01,2003,8,,,,,,,12.4,10.0,0.9,3.9,30.9,20.5,19.9,14.9,,,,False,,True,10.0,0.0,0.0
2003-09-01,2003,9,,,,,,,18.4,10.7,6.2,4.0,36.3,22.2,22.5,15.8,,,,False,,True,10.7,0.06999999999999984,0.0
2003-10-01,2003,10,,,,,,,23.6,12.3,13.2,5.0,40.7,24.6,27.8,17.4,,,,False,,True,12.3,0.14953271028037407,0.0
2003-11-01,2003,11,,,,,,,21.3,13.0,12.4,5.4,35.7,26.0,27.8,18.9,,,,False,,True,13.0,0.05691056910569103,0.0
2003-12-01,2003,12,,,,,,,23.8,14.0,15.4,6.0,34.8,27.2,25.0,19.8,,,,False,,True,14.0,0.07692307692307687,0.0
2004-01-01,2004,1,136.08,137.76,147.65,247.93,171.67,0.16,22.4,15.0,11.9,6.3,38.0,29.0,26.3,20.9,137.76,ifem_dollar,4.92551304067942,False,,False,15.0,0.0714285714285714,0.0
2004-02-01,2004,2,135.16,136.44,142.95,252.78,171.09,0.2,24.8,16.5,14.5,7.2,41.1,31.2,26.4,22.0,136.44,ifem_dollar,4.915884957550445,False,,False,16.5,0.10000000000000009,0.0
2004-03-01,2004,3,134.47,134.8,139.92,245.47,164.88,0.25,22.5,17.8,15.6,8.5,32.6,32.6,27.4,23.2,134.8,ifem_dollar,4.9037921984782065,False,,False,17.8,0.07878787878787885,0.0
2004-04-01,2004,4,133.51,137.23,138.85,240.26,159.87,0.24,17.5,18.5,14.4,9.4,22.5,32.9,15.4,22.9,137.23,ifem_dollar,4.921658350281541,False,,False,18.5,0.0393258426966292,0.0
2004-05-01,2004,5,133.01,134.81,139.64,237.8,159.75,0.24,19.8,19.4,18.1,10.6,23.4,33.2,17.5,23.0,134.81,ifem_dollar,4.903866379702973,False,,False,19.4,0.048648648648648596,0.0
2004-06-01,2004,6,132.75,133.54,140.0,242.54,161.53,0.24,14.1,19.4,14.5,11.3,14.7,32.3,14.5,22.6,133.54,ifem_dollar,4.894401058429723,False,,False,19.4,0.0,0.0
2004-07-01,2004,7,132.8,134.39,139.84,244.54,162.85,0.25,10.7,19.1,12.2,12.4,5.8,29.0,10.8,21.6,134.39,ifem_dollar,4.900746020558973,False,,False,19.1,-0.01546391752577303,0.0
2004-08-01,2004,8,132.83,133.23,140.33,241.61,161.66,0.25,13.0,19.1,16.3,13.7,9.1,26.9,11.4,20.8,133.23,ifem_dollar,4.892076957972121,False,,False,19.1,0.0,0.0
2004-09-01,2004,9,132.84,133.77,141.08,237.92,162.06,0.25,9.1,18.2,14.6,14.4,3.6,23.9,6.6,19.3,133.77,ifem_dollar,4.896121907307495,False,,False,18.2,-0.047120418848167644,0.0
2004-10-01,2004,10,132.86,133.76,140.54,240.05,165.91,0.25,10.7,17.1,15.4,14.6,3.4,20.7,6.4,17.5,133.76,ifem_dollar,4.8960471493363915,False,,False,17.1,-0.060439560439560336,0.0
2004-11-01,2004,11,132.87,133.15,140.69,247.14,172.67,0.26,10.0,16.1,15.1,14.8,3.2,17.9,4.6,15.5,133.15,ifem_dollar,4.891476312259941,False,,False,16.1,-0.05847953216374269,0.0
2004-12-01,2004,12,132.86,133.14,138.71,256.48,177.95,0.27,10.0,15.0,12.1,14.5,5.9,15.5,-1.8,13.1,133.14,ifem_dollar,4.891401206172557,False,,False,15.0,-0.06832298136645976,0.0
2005-01-01,2005,1,132.86,133.11,139.8,249.54,174.13,0.27,9.8,14.0,15.1,14.8,2.0,12.6,1.2,11.0,133.11,ifem_dollar,4.891175854058928,False,,False,14.0,-0.06666666666666665,0.0
2005-02-01,2005,2,132.85,133.15,139.93,250.51,173.05,0.26,10.9,12.9,18.7,15.2,-0.4,9.4,3.2,9.2,133.15,ifem_dollar,4.891476312259941,False,,False,12.9,-0.07857142857142851,0.0
2005-03-01,2005,3,132.85,133.09,139.73,254.4,176.26,0.27,16.3,12.5,25.0,16.0,3.6,7.3,0.7,7.1,133.09,ifem_dollar,4.891025591098464,False,,False,12.5,-0.03100775193798455,0.0
2005-04-01,2005,4,132.85,133.06,141.77,251.48,171.8,0.26,17.9,12.6,20.3,16.5,13.8,6.8,14.2,7.0,133.06,ifem_dollar,4.890800154313742,False,,False,12.6,0.008000000000000007,0.0
2005-05-01,2005,5,132.82,133.37,141.21,246.4,168.52,0.26,16.8,12.5,15.7,16.3,16.6,6.5,15.2,7.0,133.37,ifem_dollar,4.8931272206343035,False,,False,12.5,-0.007936507936507908,0.0
2005-06-01,2005,6,132.87,134.35,141.85,241.77,161.67,0.25,18.6,12.9,18.0,16.6,16.2,6.7,17.8,7.3,134.35,ifem_dollar,4.9004483350615,False,,False,12.9,0.03200000000000003,0.0
2005-07-01,2005,7,132.87,135.35,143.94,232.38,160.0,0.24,26.1,14.2,35.7,18.6,10.7,7.1,16.9,7.9,135.35,ifem_dollar,4.90786401606031,False,,False,14.2,0.10077519379844957,0.0
2005-08-01,2005,8,133.23,135.94,145.82,237.55,162.81,0.25,28.2,15.5,38.5,20.5,12.1,7.4,13.1,8.1,135.94,ifem_dollar,4.912213611918492,False,,False,15.5,0.09154929577464799,0.0
2005-09-01,2005,9,130.81,132.55,145.8,234.2,158.66,0.24,24.3,16.8,29.5,21.8,14.6,8.3,14.7,8.7,132.55,ifem_dollar,4.886959932735035,False,,False,16.8,0.08387096774193559,0.0
2005-10-01,2005,10,130.84,131.09,144.99,228.38,155.75,0.24,18.6,17.4,24.6,22.5,9.4,8.8,13.3,9.3,131.09,ifem_dollar,4.875884110209718,False,,False,17.4,0.03571428571428559,0.0
2005-11-01,2005,11,130.63,130.8,143.94,214.58,144.97,0.23,15.1,17.8,19.7,22.9,6.8,9.1,7.7,9.6,130.8,ifem_dollar,4.873669439023098,False,,False,17.8,0.02298850574712663,0.0
2005-12-01,2005,12,130.29,130.08,141.93,225.33,153.07,0.23,11.6,17.9,15.5,23.1,2.4,8.8,9.1,10.5,130.08,ifem_dollar,4.868149645799501,False,,False,17.9,0.00561797752808979,0.0
2006-01-01,2006,1,130.29,129.93,144.09,227.93,156.43,0.24,10.7,17.9,14.7,22.9,4.3,9.0,11.7,11.4,129.93,ifem_dollar,4.866995843894645,False,,False,17.9,0.0,0.0
2006-02-01,2006,2,129.59,129.33,145.47,224.4,153.31,0.23,10.8,17.8,10.5,22.1,11.1,10.0,11.9,12.1,129.33,ifem_dollar,4.862367277427153,False,,False,17.8,-0.005586592178770777,0.0
2006-03-01,2006,3,128.7,128.68,148.46,222.72,153.18,0.23,12.0,17.4,9.3,20.7,16.3,11.1,11.8,13.1,128.68,ifem_dollar,4.857328702370825,False,,False,17.4,-0.022471910112359716,0.0
2006-04-01,2006,4,128.47,128.58,147.85,224.89,156.24,0.24,12.6,16.9,9.6,19.8,16.6,11.3,11.5,12.8,128.58,ifem_dollar,4.856551278713541,False,,False,16.9,-0.028735632183908066,0.0
2006-05-01,2006,5,128.45,128.57,142.33,237.23,162.31,0.25,10.5,16.4,8.6,19.1,14.5,11.2,13.5,12.7,128.57,ifem_dollar,4.856473503096157,False,,False,16.4,-0.029585798816568087,0.0
2006-06-01,2006,6,128.45,128.5,136.82,234.41,160.95,0.24,8.5,15.5,6.2,18.0,13.6,11.0,14.0,12.4,128.5,ifem_dollar,4.855928904335275,False,,False,15.5,-0.05487804878048774,0.0
2006-07-01,2006,7,128.38,128.43,130.12,234.47,161.29,0.24,3.0,13.5,-3.7,14.5,13.6,11.3,15.2,12.3,128.43,ifem_dollar,4.855384008824965,False,,False,13.5,-0.12903225806451613,0.0
2006-08-01,2006,8,128.33,128.43,130.46,240.73,162.9,0.25,3.7,11.4,-2.3,11.0,14.5,11.5,11.9,12.2,128.43,ifem_dollar,4.855384008824965,False,,False,11.4,-0.15555555555555556,0.0
2006-09-01,2006,9,128.29,128.39,130.21,238.67,161.56,0.25,6.3,10.0,4.3,9.0,10.6,11.2,11.0,11.9,128.39,ifem_dollar,4.855072506602992,False,,False,10.0,-0.1228070175438597,0.0
2006-10-01,2006,10,128.28,128.42,130.3,238.67,161.56,0.25,6.1,9.0,4.7,7.5,9.0,11.1,13.1,11.9,128.42,ifem_dollar,4.855306142365902,False,,False,9.0,-0.09999999999999998,0.0
2006-11-01,2006,11,128.29,128.42,129.82,242.67,155.1,0.25,7.8,8.5,5.4,6.4,12.1,11.6,18.3,12.8,128.42,ifem_dollar,4.855306142365902,False,,False,8.5,-0.05555555555555558,0.0
2006-12-01,2006,12,128.29,128.39,129.32,249.37,167.82,0.24,8.5,8.2,3.9,5.6,17.3,12.8,22.6,13.9,128.39,ifem_dollar,4.855072506602992,False,,False,8.2,-0.03529411764705892,0.0
2007-01-01,2007,1,128.28,128.37,130.07,248.89,164.87,0.25,8.0,8.0,-0.1,4.4,19.3,14.0,13.2,14.0,128.37,ifem_dollar,4.854916719096835,False,,False,8.0,-0.024390243902438935,0.0
2007-02-01,2007,2,128.27,128.33,130.0,248.55,166.0,0.24,7.1,7.7,3.3,3.9,11.0,14.0,9.0,13.7,128.33,ifem_dollar,4.85460507125637,False,,False,7.7,-0.03749999999999998,0.0
2007-03-01,2007,3,128.15,128.25,129.34,247.08,168.02,0.25,5.2,7.2,1.7,3.3,8.9,13.4,10.2,13.6,128.25,ifem_dollar,4.853981484050879,False,,False,7.2,-0.06493506493506496,0.0
2007-04-01,2007,4,127.98,128.25,129.0,252.28,171.45,0.26,4.2,6.5,2.1,2.7,5.4,12.4,6.5,13.1,128.25,ifem_dollar,4.853981484050879,False,,False,6.5,-0.09722222222222221,0.0
2007-05-01,2007,5,127.56,127.62,129.16,237.23,162.31,0.25,4.6,6.0,2.4,2.2,4.6,11.5,2.7,12.1,127.62,ifem_dollar,4.849057098440201,False,,False,6.0,-0.07692307692307687,0.0
2007-06-01,2007,6,127.41,127.5,128.33,250.57,169.31,0.26,6.4,5.9,3.2,2.0,9.6,11.1,-0.3,10.8,127.5,ifem_dollar,4.848116364598481,False,,False,5.9,-0.016666666666666607,0.0
2007-07-01,2007,7,127.19,127.2,127.52,256.13,172.92,0.26,4.8,6.0,1.1,2.4,9.9,10.8,-0.4,9.4,127.2,ifem_dollar,4.845760650906022,False,,False,6.0,0.016949152542372836,0.0
2007-08-01,2007,8,126.68,126.57,127.43,251.87,170.71,0.26,4.2,6.1,-1.2,2.5,11.2,10.6,5.6,8.9,126.57,ifem_dollar,4.840795514804357,False,,False,6.1,0.016666666666666607,0.0
2007-09-01,2007,9,126.03,125.74,126.5,251.85,170.69,0.26,4.1,5.9,-0.8,2.1,10.5,10.6,3.7,8.3,125.74,ifem_dollar,4.834216282954915,False,,False,5.9,-0.032786885245901565,0.0
2007-10-01,2007,10,124.28,123.56,126.5,251.97,175.36,0.27,4.6,5.7,-0.1,1.7,10.7,10.7,-0.9,7.1,123.56,ifem_dollar,4.816726868050381,False,,False,5.7,-0.03389830508474578,0.0
2007-11-01,2007,11,120.51,119.45,123.8,242.73,173.4,0.26,5.2,5.5,3.2,1.5,7.4,10.3,-4.3,5.2,119.45,ifem_dollar,4.782897873771819,False,,False,5.5,-0.03508771929824561,0.0
2007-12-01,2007,12,118.21,118.11,121.07,236.79,170.61,0.26,6.6,5.4,8.2,1.9,3.6,9.2,-6.5,2.9,118.11,ifem_dollar,4.771616393623756,False,,False,5.4,-0.018181818181818077,0.0
2008-01-01,2008,1,117.98,117.72,120.8,230.09,171.88,0.26,8.6,5.5,12.6,2.9,2.5,7.9,1.4,2.0,117.72,ifem_dollar,4.7683089233652725,False,,False,5.5,0.01851851851851838,0.0
2008-02-01,2008,2,118.21,117.5,119.57,229.26,172.3,0.26,8.0,5.5,8.7,3.3,6.4,7.5,6.4,1.9,117.5,ifem_dollar,4.7664383335842135,False,,False,5.5,0.0,0.0
2008-03-01,2008,3,117.92,116.79,119.0,240.26,181.11,0.27,7.8,5.8,12.4,4.2,0.5,6.8,-1.3,1.0,116.79,ifem_dollar,4.760377450290474,False,,False,5.8,0.05454545454545445,0.0
2008-04-01,2008,4,117.87,117.47,118.95,231.24,183.74,0.28,8.2,6.1,13.1,5.1,1.2,6.4,1.5,0.6,117.47,ifem_dollar,4.766182981835795,False,,False,6.1,0.051724137931034475,0.0
2008-05-01,2008,5,117.83,117.79,118.8,229.2,181.52,0.28,9.7,6.5,14.7,6.1,3.3,6.3,3.71,0.6,117.79,ifem_dollar,4.768903377970693,False,,False,6.5,0.06557377049180335,0.0
2008-06-01,2008,6,117.81,117.74,118.7,229.18,181.45,0.27,12.0,7.0,18.11,7.41,3.61,5.8,7.96,1.34,117.74,ifem_dollar,4.768478803600115,False,,False,7.0,0.07692307692307687,0.0
2008-07-01,2008,7,117.77,117.71,119.0,231.94,183.95,0.28,14.0,7.8,20.9,9.0,4.8,5.4,6.61,1.93,117.71,ifem_dollar,4.768223972424389,False,,False,7.8,0.11428571428571432,0.0
2008-08-01,2008,8,117.74,117.69,119.0,220.26,174.61,0.27,12.4,8.5,18.8,10.7,3.9,4.8,6.6,2.03,117.69,ifem_dollar,4.768054048889571,False,,False,8.5,0.08974358974358987,0.0
2008-09-01,2008,9,117.73,117.62,119.0,208.09,169.13,0.26,13.0,9.2,17.1,12.3,6.9,4.5,8.33,2.43,117.62,ifem_dollar,4.76745908903181,False,,False,9.2,0.08235294117647052,0.0
2008-10-01,2008,10,117.72,117.72,119.0,196.9,154.82,0.24,14.7,10.1,19.2,14.0,7.9,4.3,11.4,3.44,117.72,ifem_dollar,4.7683089233652725,False,,False,10.1,0.09782608695652173,0.0
2008-11-01,2008,11,117.74,117.88,119.1,179.07,148.53,0.23,14.8,10.9,18.1,15.3,9.3,4.5,13.05,4.88,117.88,ifem_dollar,4.769667157869494,False,,False,10.9,0.07920792079207928,0.0
2008-12-01,2008,12,126.48,134.33,137.65,192.0,174.72,0.26,15.1,11.6,18.0,16.1,10.4,5.1,15.29,6.72,134.33,ifem_dollar,4.900299459074922,False,,False,11.6,0.06422018348623837,0.0
2009-01-01,2009,1,145.78,146.59,149.88,206.19,189.34,0.29,14.0,12.0,18.4,16.5,8.0,5.5,12.59,7.65,146.59,ifem_dollar,4.98763957430194,False,,False,12.0,0.034482758620689724,0.0
2009-02-01,2009,2,147.14,149.12,156.93,210.17,186.48,0.28,14.6,12.6,20.0,17.5,7.2,5.6,9.08,7.87,149.12,ifem_dollar,5.004751350937281,False,,False,12.6,0.050000000000000044,0.0
2009-03-01,2009,3,147.72,0.0,174.32,207.92,191.33,0.29,14.4,13.1,16.2,17.7,11.8,6.5,15.31,9.25,0.0,ifem_dollar,,False,,False,13.1,0.039682539682539764,0.0
2009-04-01,2009,4,147.23,0.0,180.27,214.27,192.23,0.29,13.3,13.5,15.3,17.9,10.9,7.3,13.28,10.24,0.0,ifem_dollar,,False,,False,13.5,0.03053435114503822,0.0
2009-05-01,2009,5,147.84,,180.63,225.42,199.6,0.3,13.2,13.8,15.7,17.9,9.9,7.8,12.58,10.98,147.84,das_dollar,4.996130607893374,False,,False,13.8,0.022222222222222365,0.0
2009-06-01,2009,6,148.2,148.54,166.14,239.91,205.65,0.31,11.2,13.7,13.1,17.5,8.5,8.3,9.31,11.08,148.54,ifem_dollar,5.00085428224115,False,,False,13.7,-0.007246376811594346,0.0
2009-07-01,2009,7,148.59,149.88,155.13,240.66,207.36,0.32,11.1,13.4,12.9,16.8,8.3,8.6,12.34,11.55,149.88,ifem_dollar,5.009834973925487,False,,False,13.4,-0.021897810218978075,0.0
2009-08-01,2009,8,151.86,155.23,158.95,248.6,214.48,0.36,11.0,13.3,12.7,16.3,8.0,8.9,9.26,11.76,155.23,ifem_dollar,5.0449078880383516,False,,False,13.3,-0.007462686567164201,0.0
2009-09-01,2009,9,152.3,153.25,158.0,247.02,219.02,0.33,10.4,13.1,12.5,15.9,7.4,8.9,9.3,11.8,153.25,ifem_dollar,5.032070574816321,False,,False,13.1,-0.015037593984962516,0.0
2009-10-01,2009,10,149.36,150.22,153.05,239.53,219.35,0.33,11.6,12.8,13.5,15.4,8.9,9.0,9.4,11.7,150.22,ifem_dollar,5.0121008862578655,False,,False,12.8,-0.022900763358778553,0.0
2009-11-01,2009,11,150.85,151.03,152.95,248.34,223.07,0.34,12.4,12.6,13.5,15.0,10.7,9.1,11.0,11.5,151.03,ifem_dollar,5.01747849257825,False,,False,12.6,-0.01562500000000011,0.0
2009-12-01,2009,12,149.69,149.8,153.48,240.98,216.82,0.33,13.9,12.5,15.5,14.8,11.2,9.2,11.12,11.15,149.8,ifem_dollar,5.00930107108312,False,,False,12.5,-0.007936507936507908,0.0
2010-01-01,2010,1,149.78,150.33,153.55,239.96,211.72,0.32,14.4,12.6,15.9,14.7,12.1,9.6,10.8,11.01,150.33,ifem_dollar,5.012832877639743,False,,False,12.6,0.008000000000000007,0.0
2010-02-01,2010,2,150.22,150.97,152.08,232.66,203.67,0.31,15.6,12.7,16.2,14.4,14.0,10.1,13.39,11.37,150.97,ifem_dollar,5.017081141579645,False,,False,12.7,0.007936507936507908,0.0
2010-03-01,2010,3,149.83,150.08,151.85,223.26,201.38,0.31,14.8,12.8,15.8,14.4,13.2,10.3,12.35,11.16,150.08,ifem_dollar,5.011168485257914,False,,False,12.8,0.007874015748031704,0.0
2010-04-01,2010,4,149.89,150.38,152.0,217.36,186.52,0.28,15.0,12.9,16.3,14.5,12.8,10.4,11.69,11.04,150.38,ifem_dollar,5.01316542394988,False,,False,12.9,0.0078125,0.0
2010-05-01,2010,5,150.31,151.49,153.26,219.42,186.52,0.28,12.9,12.9,13.0,14.3,11.7,10.6,11.64,10.98,151.49,ifem_dollar,5.020519616170232,False,,False,12.9,0.0,0.0
2010-06-01,2010,6,150.19,151.27,153.87,219.42,181.65,0.28,14.1,13.1,15.1,14.4,12.7,10.9,12.42,11.24,151.27,ifem_dollar,5.019066319574108,False,,False,13.1,0.015503875968992276,0.0
2010-07-01,2010,7,150.1,150.27,152.41,227.02,189.83,0.29,13.0,13.3,14.0,14.5,11.3,11.2,10.6,11.1,150.27,ifem_dollar,5.012433676037635,False,,False,13.3,0.01526717557251911,0.0
2010-08-01,2010,8,150.27,150.7,152.23,232.94,191.9,0.29,13.7,13.5,15.1,14.7,12.4,11.5,13.0,11.4,150.7,ifem_dollar,5.01529110563245,False,,False,13.5,0.015037593984962294,0.0
2010-09-01,2010,9,151.03,152.62,153.85,232.86,195.91,0.3,13.6,13.8,14.6,14.9,12.8,12.0,13.4,11.8,152.62,ifem_dollar,5.0279511718614875,False,,False,13.8,0.022222222222222365,0.0
2010-10-01,2010,10,151.25,151.78,153.98,237.51,208.34,0.32,13.4,13.9,14.1,14.9,13.2,12.3,13.0,12.0,151.78,ifem_dollar,5.022432103975767,False,,False,13.9,0.007246376811594235,0.0
2010-11-01,2010,11,150.22,150.55,153.13,237.62,203.64,0.31,12.8,13.9,14.4,15.0,11.7,12.4,11.3,12.1,150.55,ifem_dollar,5.014295254927743,False,,False,13.9,0.0,0.0
2010-12-01,2010,12,150.48,152.63,154.57,232.78,197.27,0.3,11.8,13.7,12.7,14.7,10.9,12.4,10.4,12.0,152.63,ifem_dollar,5.02801669192703,False,,False,13.7,-0.014388489208633115,0.0
2011-01-01,2011,1,151.62,152.57,156.08,236.92,200.57,0.3,12.1,13.5,10.3,14.2,12.1,12.4,10.1,11.9,152.57,ifem_dollar,5.027623507125111,False,,False,13.5,-0.014598540145985384,0.0
2011-02-01,2011,2,151.96,152.75,155.11,242.81,205.58,0.31,11.1,13.2,12.2,13.9,10.6,12.1,10.0,11.6,152.75,ifem_dollar,5.028802598051705,False,,False,13.2,-0.022222222222222254,0.0
2011-03-01,2011,3,152.54,155.21,157.09,243.95,211.17,0.32,12.8,13.0,12.2,13.6,12.8,12.1,12.3,11.6,155.21,ifem_dollar,5.044779038663093,False,,False,13.0,-0.015151515151515138,0.0
2011-04-01,2011,4,153.92,154.6,157.05,249.16,220.08,0.33,11.3,12.7,11.6,13.2,12.9,12.1,12.2,11.7,154.6,ifem_dollar,5.040841136153322,False,,False,12.7,-0.023076923076923106,0.0
2011-05-01,2011,5,154.8,156.17,158.05,250.11,219.66,0.33,12.4,12.6,12.2,13.2,13.0,12.2,11.7,11.7,156.17,ifem_dollar,5.050945157499754,False,,False,12.6,-0.007874015748031482,0.0
2011-06-01,2011,6,154.46,155.66,158.32,248.14,220.22,0.34,10.2,12.3,9.2,12.7,11.5,12.1,10.3,11.5,155.66,ifem_dollar,5.0476741415312425,False,,False,12.3,-0.023809523809523725,0.0
2011-07-01,2011,7,151.82,152.6,163.71,242.51,216.08,0.33,9.4,12.0,7.9,12.1,11.5,12.1,10.2,11.5,152.6,ifem_dollar,5.027820118850356,False,,False,12.0,-0.024390243902439046,0.0
2011-08-01,2011,8,152.72,152.36,163.14,247.53,216.79,0.33,9.3,11.6,8.7,11.6,10.9,12.0,9.7,11.2,152.36,ifem_dollar,5.026246141610403,False,,False,11.6,-0.033333333333333326,0.0
2011-09-01,2011,9,155.26,156.7,158.26,224.88,211.73,0.32,10.3,11.4,9.5,11.2,11.6,11.9,9.9,10.9,156.7,ifem_dollar,5.054333149361975,False,,False,11.4,-0.01724137931034475,0.0
2011-10-01,2011,10,153.26,159.82,161.32,239.15,208.22,0.32,10.5,11.1,9.7,10.8,11.5,11.7,11.7,11.7,159.82,ifem_dollar,5.074048181946317,False,,False,11.1,-0.026315789473684292,0.0
2011-11-01,2011,11,155.71,158.76,160.35,243.45,208.78,0.32,10.5,11.0,9.6,10.4,11.5,11.7,11.0,10.7,158.76,ifem_dollar,5.067393627914864,False,,False,11.0,-0.009009009009009028,0.0
2011-12-01,2011,12,158.23,162.27,163.35,244.53,206.52,0.31,10.3,10.8,11.0,10.3,10.8,11.7,9.9,10.7,162.27,ifem_dollar,5.089261614551446,False,,False,10.8,-0.018181818181818077,0.0
2012-01-01,2012,1,158.38,161.31,164.62,243.27,202.52,0.31,12.6,10.9,13.1,10.5,12.7,11.8,14.3,11.01,161.31,ifem_dollar,5.083327979489696,False,,False,10.9,0.0092592592592593,0.0
2012-02-01,2012,2,157.87,158.59,160.85,246.98,206.71,0.31,11.9,11.0,9.7,10.3,11.9,11.9,12.03,11.18,158.59,ifem_dollar,5.066322255510509,False,,False,11.0,0.00917431192660545,0.0
2012-03-01,2012,3,157.59,157.72,159.41,246.92,206.05,0.31,12.1,10.9,11.8,10.3,15.0,12.1,14.47,11.38,157.72,ifem_dollar,5.060821309009427,False,,False,10.9,-0.009090909090909038,0.0
2012-04-01,2012,4,157.33,157.44,159.37,249.34,205.0,0.31,12.9,11.1,11.2,10.3,14.7,12.2,14.3,11.6,157.44,ifem_dollar,5.059044433303943,False,,False,11.1,0.0183486238532109,0.0
2012-05-01,2012,5,157.28,157.46,159.67,248.03,199.42,0.3,12.7,11.1,12.9,10.4,14.9,12.4,14.5,11.8,157.46,ifem_dollar,5.059171457756321,False,,False,11.1,0.0,0.0
2012-06-01,2012,6,157.44,162.33,163.43,242.42,193.92,0.3,12.9,11.3,12.0,10.6,15.2,12.7,13.7,12.1,162.33,ifem_dollar,5.089631300322754,False,,False,11.3,0.018018018018018056,0.0
2012-07-01,2012,7,157.43,161.33,163.32,243.06,191.56,0.29,12.8,11.6,12.1,11.0,15.0,13.0,13.8,12.4,161.33,ifem_dollar,5.0834519566780525,False,,False,11.6,0.0265486725663715,0.0
2012-08-01,2012,8,157.38,158.97,162.24,244.87,193.28,0.29,11.7,11.8,9.9,11.1,14.7,13.3,13.2,12.7,158.97,ifem_dollar,5.06871550517278,False,,False,11.8,0.017241379310344973,0.0
2012-09-01,2012,9,157.34,157.78,159.8,250.86,200.27,0.3,11.3,11.9,10.2,11.1,13.1,13.5,12.2,12.9,157.78,ifem_dollar,5.061201657666944,False,,False,11.9,0.008474576271186418,0.0
2012-10-01,2012,10,157.31,157.24,159.0,250.45,202.21,0.31,11.7,11.9,11.1,11.2,12.4,13.5,11.4,12.9,157.24,ifem_dollar,5.057773300553659,False,,False,11.9,0.0,0.0
2012-11-01,2012,11,157.31,157.58,159.32,248.69,199.91,0.3,12.3,12.1,11.6,11.4,13.1,13.6,12.3,13.0,157.58,ifem_dollar,5.059933265817542,False,,False,12.1,0.01680672268907557,0.0
2012-12-01,2012,12,157.32,157.33,159.26,251.56,204.3,0.31,12.0,12.2,10.2,11.3,13.7,13.9,12.9,13.3,157.33,ifem_dollar,5.058345510252332,False,,False,12.2,0.008264462809917328,0.0
2013-01-01,2013,1,157.3,156.96,159.12,248.72,206.97,0.31,9.0,11.9,10.1,11.1,11.3,13.7,8.59,12.75,156.96,ifem_dollar,5.055990995817053,False,,False,11.9,-0.024590163934426146,0.0
2013-02-01,2013,2,157.3,157.52,158.7,241.1,208.16,0.32,9.5,11.7,11.0,11.2,11.2,13.7,8.58,12.44,157.52,ifem_dollar,5.05955243433087,False,,False,11.7,-0.01680672268907568,0.0
2013-03-01,2013,3,157.31,158.63,160.0,234.75,201.95,0.31,8.6,11.4,9.5,11.0,7.2,13.0,6.3,11.7,158.63,ifem_dollar,5.066574446420364,False,,False,11.4,-0.02564102564102555,0.0
2013-04-01,2013,4,157.31,158.2,159.81,238.49,202.88,0.31,9.1,11.1,10.0,10.8,6.9,12.3,5.6,11.0,158.2,ifem_dollar,5.063860055333554,False,,False,11.1,-0.026315789473684292,0.0
2013-05-01,2013,5,157.3,158.02,159.57,238.34,202.34,0.31,9.0,10.8,9.3,10.5,6.2,11.5,4.1,10.1,158.02,ifem_dollar,5.062721607294587,False,,False,10.8,-0.027027027027026973,0.0
2013-06-01,2013,6,157.31,160.02,160.98,241.11,205.47,0.31,8.4,10.4,9.6,10.4,5.5,10.7,4.4,9.3,160.02,ifem_dollar,5.075298807421978,False,,False,10.4,-0.03703703703703709,0.0
2013-07-01,2013,7,157.32,161.12,162.43,235.64,203.12,0.3,8.7,10.0,10.0,10.2,6.6,10.0,6.3,8.7,161.12,ifem_dollar,5.0821494289702525,False,,False,10.0,-0.03846153846153855,0.0
2013-08-01,2013,8,157.31,161.15,162.28,241.35,207.23,0.31,8.2,9.8,9.7,10.2,7.2,9.4,6.7,8.2,161.15,ifem_dollar,5.082335608261447,False,,False,9.8,-0.019999999999999907,0.0
2013-09-01,2013,9,157.32,161.96,163.14,251.43,210.2,0.32,8.0,9.5,9.4,10.1,7.4,8.9,7.3,7.8,161.96,ifem_dollar,5.0873493911639605,False,,False,9.5,-0.030612244897959218,0.0
2013-10-01,2013,10,157.42,159.83,165.0,250.86,212.74,0.32,7.8,9.2,9.2,10.0,7.6,8.6,7.6,7.5,159.83,ifem_dollar,5.074110750380562,False,,False,9.2,-0.03157894736842115,0.0
2013-11-01,2013,11,157.27,158.79,167.14,250.76,210.17,0.32,7.9,8.8,9.3,9.8,7.8,8.1,7.8,7.1,158.79,ifem_dollar,5.067582574538005,False,,False,8.8,-0.04347826086956508,0.0
2013-12-01,2013,12,157.27,159.05,171.4,255.13,213.41,0.32,8.0,8.5,9.3,9.7,7.9,7.7,8.0,6.8,159.05,ifem_dollar,5.069218618195153,False,,False,8.5,-0.03409090909090917,0.0
2014-01-01,2014,1,157.29,160.23,171.71,256.59,212.1,0.32,8.0,8.4,9.3,9.6,6.6,7.3,7.4,6.7,160.23,ifem_dollar,5.076610283019789,False,,False,8.4,-0.0117647058823529,0.0
2014-02-01,2014,2,157.31,163.62,169.45,257.81,212.72,0.32,7.7,8.3,9.2,9.5,7.2,7.0,8.0,6.6,163.62,ifem_dollar,5.097546666085552,False,,False,8.3,-0.011904761904761862,0.0
2014-03-01,2014,3,157.3,164.61,171.5,258.95,215.39,0.33,7.8,8.2,9.3,9.5,6.8,7.0,6.7,6.7,164.61,ifem_dollar,5.103579039738994,False,,False,8.2,-0.012048192771084487,0.0
2014-04-01,2014,4,157.29,162.19,170.25,260.67,215.14,0.33,7.9,8.1,9.4,9.4,7.5,7.0,7.6,6.9,162.19,ifem_dollar,5.088768487499598,False,,False,8.1,-0.012195121951219523,0.0
2014-05-01,2014,5,157.29,161.86,166.85,262.41,213.98,0.33,8.0,8.0,9.7,9.4,7.7,7.2,8.6,7.2,161.86,ifem_dollar,5.086731764067556,False,,False,8.0,-0.012345679012345623,0.0
2014-06-01,2014,6,157.29,162.82,167.17,263.29,211.68,0.32,8.2,8.0,9.8,9.5,8.1,7.4,9.0,7.6,162.82,ifem_dollar,5.0926452961458315,False,,False,8.0,0.0,0.0
2014-07-01,2014,7,157.29,162.25,167.71,265.93,211.24,0.32,8.3,8.0,9.9,9.5,7.1,7.4,7.1,7.7,162.25,ifem_dollar,5.0891383555842,False,,False,8.0,0.0,0.0
2014-08-01,2014,8,157.29,161.99,170.36,260.12,207.41,0.32,8.5,8.0,10.0,9.5,6.3,7.3,6.6,7.7,161.99,ifem_dollar,5.0875346049320465,False,,False,8.0,0.0,0.0
2014-09-01,2014,9,157.3,162.93,168.64,254.06,201.0,0.31,8.3,8.0,9.7,9.5,6.3,7.2,6.2,7.6,162.93,ifem_dollar,5.093320660714864,False,,False,8.0,0.0,0.0
2014-10-01,2014,10,157.31,164.64,169.43,250.27,197.63,0.3,8.1,8.0,9.3,9.5,6.3,7.1,6.3,7.4,164.64,ifem_dollar,5.103761272085739,False,,False,8.0,0.0,0.0
2014-11-01,2014,11,160.0,171.1,175.85,249.96,197.6,0.3,7.9,8.0,9.1,9.5,6.3,7.0,6.3,7.3,171.1,ifem_dollar,5.1422481808981475,False,,False,8.0,0.0,0.0
2014-12-01,2014,12,169.68,180.33,188.45,262.86,207.16,0.32,8.0,8.0,9.2,9.5,6.2,6.9,6.3,7.2,180.33,ifem_dollar,5.19478850571918,False,,False,8.0,0.0,0.0
2015-01-01,2015,1,169.68,181.78,196.13,254.39,194.85,0.3,8.2,8.1,9.2,9.5,6.8,6.9,7.1,7.1,181.78,ifem_dollar,5.202797164690624,False,,False,8.1,0.012499999999999956,0.0
2015-02-01,2015,2,169.68,194.48,213.03,274.79,204.78,0.31,8.4,8.1,9.4,9.5,7.0,6.9,7.1,7.1,194.48,ifem_dollar,5.2703293300078675,False,,False,8.1,0.0,0.0
2015-03-01,2015,3,,197.07,222.93,295.6,213.74,0.32,8.5,8.2,9.4,9.5,7.5,6.9,7.5,7.1,197.07,ifem_dollar,5.283558995572491,False,,False,8.2,0.012345679012345734,0.0
2015-04-01,2015,4,,197.0,210.7,294.24,212.11,0.32,8.7,8.2,9.5,9.5,7.7,6.9,7.7,7.1,197.0,ifem_dollar,5.2832037287379885,False,,False,8.2,0.0,0.0
2015-05-01,2015,5,,197.0,219.55,304.79,219.85,0.34,9.0,8.3,9.8,9.5,8.3,7.0,8.3,7.1,197.0,ifem_dollar,5.2832037287379885,False,,False,8.3,0.012195121951219745,0.0
2015-06-01,2015,6,,196.92,218.98,306.06,220.84,0.34,9.2,8.4,10.0,9.5,8.4,7.0,8.4,7.1,196.92,ifem_dollar,5.28279755489,False,,False,8.4,0.012048192771084265,0.0
2015-07-01,2015,7,,196.97,237.15,306.41,216.87,0.33,9.2,8.5,10.0,9.6,8.8,7.2,8.7,7.2,196.97,ifem_dollar,5.2830514328776035,False,,False,8.5,0.011904761904761862,0.0
2015-08-01,2015,8,,197.0,216.64,307.21,219.33,0.33,9.3,8.6,10.1,9.6,9.0,7.4,8.8,7.4,197.0,ifem_dollar,5.2832037287379885,False,,False,8.6,0.0117647058823529,0.0
2015-09-01,2015,9,,197.0,222.68,302.55,221.22,0.34,9.4,8.7,10.2,9.6,8.9,7.6,8.7,7.6,197.0,ifem_dollar,5.2832037287379885,False,,False,8.7,0.011627906976744207,0.0
2015-10-01,2015,10,,196.99,224.83,302.26,221.45,0.34,9.3,8.76,10.13,9.68,8.74,7.81,8.57,7.8,196.99,ifem_dollar,5.283152966028264,False,,False,8.76,0.006896551724137945,0.0
2015-11-01,2015,11,,196.99,232.4,299.38,211.53,0.32,9.37,8.88,10.32,9.78,8.73,8.02,8.49,7.98,196.99,ifem_dollar,5.283152966028264,False,,False,8.88,0.013698630136986356,0.0
2015-12-01,2015,12,,196.99,258.3,295.39,214.0,0.32,9.55,9.01,10.59,9.9,8.73,8.22,8.44,8.16,196.99,ifem_dollar,5.283152966028264,False,,False,9.01,0.014639639639639546,0.0
2016-01-01,2016,1,,197.0,289.78,283.62,214.09,0.33,9.62,9.13,10.64,10.02,8.84,8.39,8.53,8.28,197.0,ifem_dollar,5.2832037287379885,False,,False,9.13,0.013318534961154427,0.0
2016-02-01,2016,2,,197.0,329.83,281.79,218.55,0.33,11.38,9.39,11.35,10.18,11.04,8.73,9.48,8.48,197.0,ifem_dollar,5.2832037287379885,False,,False,9.39,0.028477546549835697,0.0
2016-03-01,2016,3,,197.0,320.93,280.4,218.89,0.33,12.77,9.75,12.74,10.47,12.17,9.13,10.31,8.72,197.0,ifem_dollar,5.2832037287379885,False,,False,9.75,0.03833865814696469,0.0
2016-04-01,2016,4,,197.0,320.71,282.07,223.46,0.34,13.72,10.18,13.19,10.79,13.35,9.61,10.79,8.98,197.0,ifem_dollar,5.2832037287379885,False,,False,10.18,0.04410256410256408,0.0
2016-05-01,2016,5,,197.0,336.93,286.33,222.85,0.34,15.58,10.75,14.86,11.22,15.05,10.2,12.3,9.32,197.0,ifem_dollar,5.2832037287379885,False,,False,10.75,0.055992141453831135,0.0
2016-06-01,2016,6,,231.76,351.82,328.53,260.03,0.38,16.48,11.37,15.3,11.67,16.22,10.86,13.32,9.75,231.76,ifem_dollar,5.445702353461095,False,,False,11.37,0.05767441860465117,0.0
2016-07-01,2016,7,,294.57,364.47,388.37,325.9,0.49,17.13,12.04,15.8,12.16,16.93,11.55,13.63,10.17,294.57,ifem_dollar,5.685516665849309,False,,False,12.04,0.05892700087950753,0.0
2016-08-01,2016,8,,309.73,396.15,406.13,347.33,0.53,17.61,12.74,16.43,12.7,17.21,12.25,13.88,10.59,309.73,ifem_dollar,5.735700950224475,False,,False,12.74,0.058139534883721034,0.0
2016-09-01,2016,9,,305.23,431.1,401.08,342.17,0.52,17.85,13.45,16.62,13.24,17.67,12.98,14.12,11.04,305.23,ifem_dollar,5.72106559077876,False,,False,13.45,0.05572998430141274,0.0
2016-10-01,2016,10,,305.21,462.03,375.71,336.21,0.51,18.33,14.21,17.09,13.82,18.07,13.76,14.58,11.54,305.21,ifem_dollar,5.721000064273266,False,,False,14.21,0.05650557620817853,0.0
2016-11-01,2016,11,,305.18,415.36,379.49,329.84,0.5,18.48,14.96,17.19,14.39,18.24,14.54,14.87,12.07,305.18,ifem_dollar,5.72090176646359,False,,False,14.96,0.0527797325826882,0.0
2016-12-01,2016,12,,305.22,455.26,381.39,322.13,0.47,18.55,15.7,17.39,14.95,18.05,15.31,14.7,12.59,305.22,ifem_dollar,5.721032828062729,False,,False,15.7,0.049465240641711095,0.0
2017-01-01,2017,1,,305.2,493.29,376.32,324.37,0.49,18.72,16.44,17.82,15.54,17.87,16.04,14.54,13.08,305.2,ifem_dollar,5.720967299410302,False,,False,16.44,0.04713375796178365,0.0
2017-02-01,2017,2,,305.31,494.7,381.17,324.95,0.5,17.78,16.96,18.53,16.13,16.01,16.44,13.97,13.44,305.31,ifem_dollar,5.72132765387195,False,,False,16.96,0.031630170316301776,0.0
2017-03-01,2017,3,,306.4,429.48,378.13,327.35,0.5,17.26,17.32,18.44,16.6,15.4,16.68,13.58,13.71,306.4,ifem_dollar,5.724891437866436,False,,False,17.32,0.021226415094339535,0.0
2017-04-01,2017,4,,306.05,392.89,386.92,328.15,0.5,17.24,17.59,19.3,17.11,14.75,16.77,13.74,13.94,306.05,ifem_dollar,5.723748487297079,False,,False,17.59,0.015588914549653499,0.0
2017-05-01,2017,5,,305.54,384.48,395.04,337.72,0.51,16.25,17.63,19.27,17.48,13.02,16.57,12.2,13.91,305.54,ifem_dollar,5.722080702937577,False,,False,17.63,0.0022740193291641564,0.0
2017-06-01,2017,6,,305.72,366.25,391.57,343.24,0.52,16.1,17.58,19.91,17.87,12.46,16.22,12.02,13.79,305.72,ifem_dollar,5.722669650374684,False,,False,17.58,-0.0028360748723766926,0.0
2017-07-01,2017,7,,305.86,365.38,397.36,358.5,0.54,16.05,17.47,20.28,18.25,12.21,15.8,12.35,13.68,305.86,ifem_dollar,5.7231274809199775,False,,False,17.47,-0.006257110352673512,0.0
2017-08-01,2017,8,,305.67,365.57,396.08,360.93,0.55,16.01,17.33,20.25,18.57,12.3,15.37,12.7,13.57,305.67,ifem_dollar,5.7225060886543035,False,,False,17.33,-0.00801373783629078,0.0
2017-09-01,2017,9,,305.89,365.55,408.57,364.53,0.56,15.98,17.17,20.32,18.88,12.12,14.9,12.72,13.45,305.89,ifem_dollar,5.723225560200808,False,,False,17.17,-0.009232544720138347,0.0
2017-10-01,2017,10,,305.62,362.21,403.25,359.34,0.55,15.91,16.97,20.31,19.14,12.14,14.41,12.72,13.3,305.62,ifem_dollar,5.7223425001771115,False,,False,16.97,-0.011648223645894129,0.0
2017-11-01,2017,11,,305.9,362.41,404.45,359.07,0.54,15.9,16.76,20.31,19.39,12.21,13.93,12.75,13.13,305.9,ifem_dollar,5.7232582511568575,False,,False,16.76,-0.012374779021803062,0.0
2017-12-01,2017,12,,306.31,362.83,410.48,362.36,0.55,15.37,16.5,19.42,19.55,12.09,13.46,12.6,12.97,306.31,ifem_dollar,5.724597661036786,False,,False,16.5,-0.015513126491646823,0.0
2018-01-01,2018,1,,305.78,363.2,422.35,373.0,0.57,15.13,16.22,18.92,19.62,12.09,13.01,12.68,12.82,305.78,ifem_dollar,5.722865889132468,False,,False,16.22,-0.01696969696969708,0.0
2018-02-01,2018,2,,305.9,362.48,427.4,377.84,0.58,14.33,15.93,17.59,19.52,11.71,12.67,12.34,12.69,305.9,ifem_dollar,5.7232582511568575,False,,False,15.93,-0.017879161528976506,0.0
2018-03-01,2018,3,,305.74,362.07,427.26,377.19,0.57,13.34,15.6,16.08,19.29,11.18,12.33,11.85,12.55,305.74,ifem_dollar,5.722735067572888,False,,False,15.6,-0.020715630885122405,0.0
2018-04-01,2018,4,,305.61,362.25,428.38,374.22,0.57,12.48,15.2,14.8,18.89,10.92,12.02,11.64,12.38,305.61,ifem_dollar,5.722309779270085,False,,False,15.2,-0.02564102564102566,0.0
2018-05-01,2018,5,,305.83,362.86,412.23,361.67,0.55,11.61,14.79,13.45,18.36,10.71,11.83,11.6,12.32,305.83,ifem_dollar,5.723029392018658,False,,False,14.79,-0.026973684210526372,0.0
2018-06-01,2018,6,,305.87,360.66,406.64,357.48,0.54,11.23,14.37,12.98,17.75,10.39,11.65,11.19,12.25,305.87,ifem_dollar,5.7231601750824375,False,,False,14.37,-0.028397565922920864,0.0
2018-07-01,2018,7,,305.81,359.36,402.76,357.4,0.54,11.14,13.95,12.85,17.1,10.18,11.48,10.81,12.11,305.81,ifem_dollar,5.72296399407213,False,,False,13.95,-0.029227557411273475,0.0
2018-08-01,2018,8,,306.06,359.0,394.24,353.54,0.54,11.23,13.55,13.16,16.5,10.02,11.28,10.62,11.93,306.06,ifem_dollar,5.72378116116289,False,,False,13.55,-0.028673835125447966,0.0
2018-09-01,2018,9,,306.27,362.86,399.86,357.14,0.54,11.28,13.16,13.31,15.92,9.84,11.09,10.48,11.74,306.27,ifem_dollar,5.7244670658490335,False,,False,13.16,-0.028782287822878283,0.0
2018-10-01,2018,10,,306.5,360.74,398.86,351.87,0.54,11.26,12.78,13.28,15.36,9.88,10.9,10.49,11.56,306.5,ifem_dollar,5.725217755376266,False,,False,12.78,-0.028875379939209744,0.0
2018-11-01,2018,11,,306.71,362.82,395.87,348.61,0.53,11.28,12.41,13.3,14.8,9.79,10.7,10.44,11.37,306.71,ifem_dollar,5.725902675740284,False,,False,12.41,-0.028951486697965545,0.0
2018-12-01,2018,12,,306.92,363.46,389.4,349.54,0.53,11.44,12.1,13.56,14.35,9.8,10.51,10.43,11.19,306.92,ifem_dollar,5.726587127309465,False,,False,12.1,-0.02497985495568089,0.0
2019-01-01,2019,1,,306.85,360.94,395.53,350.45,0.53,11.37,11.8,13.51,13.93,9.9,10.34,10.62,11.02,306.85,ifem_dollar,5.726359028835106,False,,False,11.8,-0.024793388429751984,0.0
2019-02-01,2019,2,,306.77,359.76,399.02,348.31,0.53,11.31,11.56,13.47,13.62,9.8,10.19,10.53,10.88,306.77,ifem_dollar,5.726098281139616,False,,False,11.56,-0.02033898305084747,0.0
2019-03-01,2019,3,,306.92,359.24,404.28,347.07,0.53,11.25,11.4,13.45,13.42,9.46,10.04,10.24,10.75,306.92,ifem_dollar,5.726587127309465,False,,False,11.4,-0.01384083044982698,0.0
2019-04-01,2019,4,,306.96,359.0,400.18,344.95,0.53,11.37,11.31,13.7,13.34,9.28,9.91,9.94,10.61,306.96,ifem_dollar,5.7267174459386965,False,,False,11.31,-0.007894736842105288,0.0
2019-05-01,2019,5,,306.95,359.75,393.98,343.34,0.52,11.4,11.3,13.79,13.37,9.03,9.77,9.64,10.44,306.95,ifem_dollar,5.726684867873505,False,,False,11.3,-0.0008841732979664174,0.0
2019-06-01,2019,6,,306.95,359.94,388.93,346.91,0.53,11.22,11.3,13.56,13.42,8.84,9.64,9.35,10.29,306.95,ifem_dollar,5.726684867873505,False,,False,11.3,0.0,0.0
2019-07-01,2019,7,,306.94,359.43,382.8,344.29,0.53,11.08,11.29,13.39,13.46,8.8,9.52,9.42,10.17,306.94,ifem_dollar,5.726652288746949,False,,False,11.29,-0.0008849557522124796,0.0
2019-08-01,2019,8,,306.93,359.0,373.26,341.31,0.52,11.02,11.27,13.17,13.46,8.68,9.41,9.22,10.05,306.93,ifem_dollar,5.7266197085589585,False,,False,11.27,-0.001771479185119551,0.0
2019-09-01,2019,9,,306.92,359.0,376.06,337.81,0.51,11.24,11.27,13.51,13.47,8.94,9.34,9.43,9.97,306.92,ifem_dollar,5.726587127309465,False,,False,11.27,0.0,0.0
2019-10-01,2019,10,,306.96,359.0,388.43,339.59,0.52,11.61,11.3,14.09,13.54,8.88,9.25,9.45,9.88,306.96,ifem_dollar,5.7267174459386965,False,,False,11.3,0.0026619343389531203,0.0
2019-11-01,2019,11,,306.95,359.0,395.63,339.3,0.52,11.85,11.35,14.48,13.65,8.99,9.19,9.48,9.8,306.95,ifem_dollar,5.726684867873505,False,,False,11.35,0.004424778761061843,0.0
2019-12-01,2019,12,,306.95,360.25,402.83,341.19,0.52,11.98,11.4,14.67,13.74,9.33,9.15,9.95,9.76,306.95,ifem_dollar,5.726684867873505,False,,False,11.4,0.004405286343612369,0.0
2020-01-01,2020,1,,306.96,361.0,401.22,340.77,0.52,12.13,11.46,14.85,13.86,9.35,9.11,9.81,9.7,306.96,ifem_dollar,5.7267174459386965,False,,False,11.46,0.0052631578947368585,0.0
2020-02-01,2020,2,,306.96,359.0,397.96,334.79,0.5,12.2,11.54,14.9,13.98,9.43,9.09,9.95,9.66,306.96,ifem_dollar,5.7267174459386965,False,,False,11.54,0.00698080279232105,0.0
2020-03-01,2020,3,,326.63,376.89,403.79,361.02,0.52,12.26,11.62,14.98,14.11,9.73,9.11,10.22,9.66,326.63,ifem_dollar,5.7888280317986185,False,,False,11.62,0.006932409012131657,0.0
2020-04-01,2020,4,,361.0,420.15,447.92,392.12,0.51,12.34,11.71,15.03,14.22,9.98,9.17,10.57,9.72,361.0,ifem_dollar,5.8888779583328805,False,,False,11.71,0.0077452667814115195,0.0
2020-05-01,2020,5,,361.0,443.89,443.96,393.42,0.51,12.4,11.79,15.04,14.33,10.12,9.27,10.7,9.81,361.0,ifem_dollar,5.8888779583328805,False,,False,11.79,0.0068317677198974636,0.0
2020-06-01,2020,6,,361.0,447.71,452.17,406.38,0.53,12.56,11.9,15.18,14.46,10.13,9.37,10.57,9.93,361.0,ifem_dollar,5.8888779583328805,False,,False,11.9,0.00932994062765058,0.0
2020-07-01,2020,7,,377.19,464.71,476.54,431.27,0.53,12.82,12.05,15.48,14.63,10.1,9.48,10.64,10.03,377.19,ifem_dollar,5.932749039273199,False,,False,12.05,0.012605042016806678,0.0
2020-08-01,2020,8,,381.0,473.48,500.38,450.7,0.66,13.22,12.23,16.0,14.87,10.52,9.64,11.07,10.18,381.0,ifem_dollar,5.942799375126701,False,,False,12.23,0.014937759336099532,0.0
2020-09-01,2020,9,,381.0,453.68,494.18,449.35,0.68,13.71,12.44,16.66,15.13,10.58,9.77,11.16,10.33,381.0,ifem_dollar,5.942799375126701,False,,False,12.44,0.017170891251022002,0.0
2020-10-01,2020,10,,381.0,459.5,494.71,448.82,0.68,14.23,12.66,17.38,15.42,11.14,9.96,11.71,10.52,381.0,ifem_dollar,5.942799375126701,False,,False,12.66,0.01768488745980723,0.0
2020-11-01,2020,11,,381.0,472.74,503.49,451.09,0.68,14.89,12.92,18.3,15.75,11.05,10.14,11.6,10.69,381.0,ifem_dollar,5.942799375126701,False,,False,12.92,0.020537124802527673,0.0
2020-12-01,2020,12,,381.0,471.62,511.67,463.54,0.7,15.75,13.25,19.56,16.17,11.37,10.31,11.83,10.85,381.0,ifem_dollar,5.942799375126701,False,,False,13.25,0.025541795665634748,0.0
2021-01-01,2021,1,,381.0,472.4,519.7,463.84,0.71,16.47,13.62,20.57,16.66,11.85,10.52,12.5,11.08,381.0,ifem_dollar,5.942799375126701,False,,False,13.62,0.027924528301886742,0.0
2021-02-01,2021,2,,381.0,476.05,528.05,460.96,0.7,17.33,14.05,21.79,17.25,12.38,10.77,12.98,11.33,381.0,ifem_dollar,5.942799375126701,False,,False,14.05,0.031571218795888534,0.0
2021-03-01,2021,3,,381.0,481.21,528.05,453.51,0.69,18.17,14.55,22.95,17.93,12.67,11.01,13.22,11.58,381.0,ifem_dollar,5.942799375126701,False,,False,14.55,0.03558718861209975,0.0
2021-04-01,2021,4,,381.0,481.6,527.48,456.43,0.69,18.12,15.04,22.72,18.58,12.74,11.25,13.3,11.81,381.0,ifem_dollar,5.942799375126701,False,,False,15.04,0.03367697594501706,0.0
2021-05-01,2021,5,,,,,,,17.93,15.5,22.28,19.18,13.15,11.5,13.76,12.07,,,,False,,False,15.5,0.030585106382978733,0.0
2021-06-01,2021,6,,,,,,,17.75,15.93,21.83,19.72,13.09,11.75,13.68,12.32,,,,False,,False,15.93,0.02774193548387105,0.0
2021-07-01,2021,7,,,,,,,17.38,16.3,21.03,20.16,13.72,12.05,14.45,12.64,,,,False,,False,16.3,0.02322661644695545,0.0
2021-08-01,2021,8,,,,,,,17.01,16.6,20.3,20.5,13.41,12.29,13.98,12.88,,,,False,,False,16.6,0.01840490797546024,0.0
2021-09-01,2021,9,,,,,,,16.63,16.83,19.57,20.71,13.74,12.55,14.36,13.14,,,,False,,False,16.83,0.013855421686746805,0.0
2021-10-01,2021,10,,,,,,,15.99,16.96,18.34,20.75,13.24,12.73,13.78,13.31,,,,False,,False,16.96,0.007724301841949055,0.0
2021-11-01,2021,11,,,,,,,15.4,16.98,17.21,20.62,13.85,12.96,14.41,13.54,,,,False,,False,16.98,0.001179245283018826,0.0
2021-12-01,2021,12,,,,,,,15.63,16.95,17.37,20.4,13.87,13.16,14.35,13.75,,,,False,,False,16.95,-0.0017667844522968323,0.0
2022-01-01,2022,1,,,,,,,15.6,16.87,17.13,20.09,13.87,13.33,14.16,13.88,,,,False,,False,16.87,-0.004719764011799299,0.0
2022-02-01,2022,2,,,,,,,15.7,16.73,17.11,19.69,14.01,13.46,14.28,13.99,,,,False,,False,16.73,-0.008298755186722073,0.0
2022-03-01,2022,3,,,,,,,15.92,16.54,17.2,19.21,13.91,13.56,14.05,14.05,,,,False,,False,16.54,-0.011356843992827326,0.0
2022-04-01,2022,4,,,,,,,16.82,16.45,18.37,18.88,14.18,13.68,14.14,14.12,,,,False,,False,16.45,-0.0054413542926239344,0.0
2022-05-01,2022,5,,,,,,,17.71,16.45,19.5,18.68,14.9,13.83,14.84,14.21,,,,False,,False,16.45,0.0,0.0
2022-06-01,2022,6,,,,,,,18.6,16.54,20.6,18.62,15.75,14.06,15.7,14.39,,,,False,,False,16.54,0.005471124620060719,0.0
2022-07-01,2022,7,,,,,,,19.64,16.75,22.02,18.75,16.26,14.28,16.06,14.53,,,,False,,False,16.75,0.012696493349455995,0.0
2022-08-01,2022,8,,,,,,,20.52,17.07,23.12,19.02,17.2,14.6,17.12,14.8,,,,False,,False,17.07,0.01910447761194023,0.0
2022-09-01,2022,9,,,,,,,20.77,17.43,23.34,19.36,17.6,14.93,17.49,15.07,,,,False,,False,17.43,0.02108963093145877,0.0
2022-10-01,2022,10,,,,,,,21.09,17.86,23.72,19.83,17.76,15.31,17.46,15.38,,,,False,,False,17.86,0.024670109007458363,0.0
2022-11-01,2022,11,,,,,,,21.47,18.37,24.13,20.41,18.24,15.69,17.99,15.69,,,,False,,False,18.37,0.028555431131019215,0.0
2022-12-01,2022,12,,,,,,,21.34,18.85,23.75,20.94,18.49,16.08,18.21,16.02,,,,False,,False,18.85,0.026129559063690744,0.0
2023-01-01,2023,1,,,,,,,21.82,19.36,24.32,21.53,19.16,16.52,18.88,16.41,,,,False,,False,19.36,0.027055702917771818,0.0
2023-02-01,2023,2,,,,,,,21.91,19.87,24.35,22.12,18.84,16.92,18.37,16.75,,,,False,,False,19.87,0.026342975206611552,0.0
2023-03-01,2023,3,,,,,,,22.04,20.37,24.45,22.72,19.86,17.41,19.63,17.22,,,,False,,False,20.37,0.02516356316054358,0.0
2023-04-01,2023,4,,,,,,,22.22,20.82,24.61,23.22,20.14,17.91,19.96,17.7,,,,False,,False,20.82,0.022091310751104487,0.0
2023-05-01,2023,5,,,,,,,22.41,21.2,24.82,23.65,20.06,18.33,19.83,18.11,,,,False,,False,21.2,0.018251681075888593,0.0
2023-06-01,2023,6,,,,,,,22.79,21.54,25.25,24.03,20.27,18.71,20.06,18.47,,,,False,,False,21.54,0.016037735849056656,0.0
2023-07-01,2023,7,,,,,,,24.08,21.92,26.98,24.46,20.8,19.08,20.47,18.84,,,,False,,False,21.92,0.017641597028783762,0.0
2023-08-01,2023,8,,,,,,,25.8,22.38,29.34,25.01,21.54,19.45,21.15,19.18,,,,False,,False,22.38,0.020985401459853836,0.0
2023-09-01,2023,9,,,,,,,26.72,22.9,30.64,25.65,22.1,19.83,21.84,19.55,,,,False,,False,22.9,0.02323503127792681,0.0
2023-10-01,2023,10,,,,,,,27.33,23.44,31.52,26.33,22.69,20.25,22.58,19.98,,,,False,,False,23.44,0.02358078602620095,0.0
2023-11-01,2023,11,,,,,,,28.2,24.01,32.84,27.09,22.55,20.61,22.38,20.35,,,,False,,False,24.01,0.024317406143344655,0.0
2023-12-01,2023,12,,,,,,,28.92,24.66,33.93,27.96,23.07,20.99,23.06,20.76,,,,False,,False,24.66,0.027072053311120392,0.0
2024-01-01,2024,1,,,,,,,29.9,25.35,35.41,28.91,23.44,21.35,23.59,21.15,,,,False,,False,25.35,0.027980535279805485,0.0
2024-02-01,2024,2,,,,,,,31.7,26.18,37.92,30.07,24.67,21.84,25.13,21.72,,,,False,,False,26.18,0.03274161735700187,0.0
2024-03-01,2024,3,,,,,,,33.2,27.13,40.01,31.4,25.39,22.31,25.9,22.26,,,,False,,False,27.13,0.036287242169595,0.0
2024-04-01,2024,4,,,,,,,33.69,28.1,40.53,32.74,26.18,22.82,26.84,22.84,,,,False,,False,28.1,0.035753778105418466,0.0
2024-05-01,2024,5,,,,,,,33.95,29.06,40.66,34.06,26.36,23.35,27.04,23.45,,,,False,,False,29.06,0.03416370106761546,0.0
2024-06-01,2024,6,,,,,,,34.19,30.0,40.87,35.35,26.53,23.87,27.4,24.06,,,,False,,False,30.0,0.032346868547832086,0.0
2024-07-01,2024,7,,,,,,,33.4,30.76,39.53,36.36,26.28,24.33,27.47,24.65,,,,False,,False,30.76,0.02533333333333343,0.0
2024-08-01,2024,8,,,,,,,32.15,31.26,37.52,36.99,26.36,24.72,27.58,25.18,,,,False,,False,31.26,0.016254876462938883,0.0
2024-09-01,2024,9,,,,,,,32.7,31.73,37.77,37.53,26.49,25.08,27.43,25.64,,,,False,,False,31.73,0.01503518873960319,0.0
2024-10-01,2024,10,,,,,,,33.88,32.26,39.16,38.12,27.42,25.48,28.37,26.12,,,,False,,False,32.26,0.01670343523479345,0.0
2024-11-01,2024,11,,,,,,,34.6,32.77,39.93,38.67,27.87,25.91,28.75,26.64,,,,False,,False,32.77,0.015809051456912693,0.0
2024-12-01,2024,12,,,,,,,15.44,31.43,17.94,37.03,12.48,24.9,13.05,25.66,,,,False,,False,31.43,-0.04089105889533118,0.0
